<?xml version="1.0" encoding="UTF-8"?>
<project-private xmlns="http://www.netbeans.org/ns/project-private/1">
    <editor-bookmarks xmlns="http://www.netbeans.org/ns/editor-bookmarks/2" lastBookmarkId="0"/>
    <open-files xmlns="http://www.netbeans.org/ns/projectui-open-files/2">
        <group>
            <file>file:/C:/Users/Robert/Documents/GitHub/ecommerce/ecommerce/css/style.css</file>
            <file>file:/C:/Users/Robert/Documents/GitHub/ecommerce/ecommerce/categories.php</file>
            <file>file:/C:/Users/Robert/Documents/GitHub/ecommerce/ecommerce/addProduct.php</file>
            <file>file:/C:/Users/Robert/Documents/GitHub/ecommerce/ecommerce/managecategories.php</file>
            <file>file:/C:/Users/Robert/Documents/GitHub/ecommerce/ecommerce/product.php</file>
            <file>file:/C:/Users/Robert/Documents/GitHub/ecommerce/ecommerce/meta.php</file>
            <file>file:/C:/Users/Robert/Documents/GitHub/ecommerce/ecommerce/orders.php</file>
            <file>file:/C:/Users/Robert/Documents/GitHub/ecommerce/ecommerce/signUp.php</file>
            <file>file:/C:/Users/Robert/Documents/GitHub/ecommerce/ecommerce/menu.php</file>
            <file>file:/C:/Users/Robert/Documents/GitHub/ecommerce/ecommerce/cmscategories.php</file>
        </group>
    </open-files>
</project-private>
